"GID","RegionType","RegionName","ParentID","DistrRegion","isExported","Timestamp","updated_at"
"50000","Country","Uganda","0","Sub_county","0","15/6/2026 21:21:33","15/6/2026 21:21:33"
"50001","Region","Western","50000",,"0","25/6/2026 22:48:20","25/6/2026 22:48:20"
"50002","District","Ntungamo","50001",,"0","25/6/2026 22:50:51","25/6/2026 22:50:51"
"50003","Sub_county","Ruhaama","50002",,"0","25/6/2026 22:51:55","25/6/2026 22:51:55"
"50004","Sub_county","Ruhaama East","50002",,"0","25/6/2026 22:51:55","25/6/2026 22:51:55"
"50005","Sub_county","Rweikiniro","50002",,"0","25/6/2026 22:51:55","25/6/2026 22:51:55"
"50006","Parish","IGURWA","50003",,"0","25/6/2026 22:53:45","25/6/2026 22:53:45"
"50007","Parish","KATOJO","50003",,"0","25/6/2026 22:53:45","25/6/2026 22:53:45"
"50008","Parish","RUHAAMA","50003",,"0","25/6/2026 22:53:45","25/6/2026 22:53:45"
"50009","Parish","RWENGOMA","50003",,"0","25/6/2026 22:53:45","25/6/2026 22:53:45"
"50010","Parish","RWAMWIRE","50003",,"0","25/6/2026 22:53:45","25/6/2026 22:53:45"
"50011","Parish","RWEMIRIRO","50004",,"0","25/6/2026 22:54:25","25/6/2026 22:54:25"
"50012","Parish","KISHAMI A","50004",,"0","25/6/2026 22:54:25","25/6/2026 22:54:25"
"50013","Parish","KISHAMI B","50004",,"0","25/6/2026 22:54:25","25/6/2026 22:54:25"
"50014","Parish","KAHENDA","50004",,"0","25/6/2026 22:54:25","25/6/2026 22:54:25"
"50015","Parish","MITOOMA","50004",,"0","25/6/2026 22:54:25","25/6/2026 22:54:25"
"50016","Parish","Murambi","50005",,"0","25/6/2026 22:55:04","25/6/2026 22:55:04"
"50017","Parish","Kayenje","50005",,"0","25/6/2026 22:55:04","25/6/2026 22:55:04"
"50018","Village","NYAMUGANDIKA","50006",,"0","25/6/2026 22:56:05","25/6/2026 22:56:05"
"50019","Village","IGURWA","50006",,"0","25/6/2026 22:56:05","25/6/2026 22:56:05"
"50020","Village","KEMIRONKO","50006",,"0","25/6/2026 22:56:05","25/6/2026 22:56:05"
"50021","Village","KAHENDA I","50014",,"0","25/6/2026 22:56:31","25/6/2026 22:56:31"
"50022","Village","KAHENDA II","50014",,"0","25/6/2026 22:56:31","25/6/2026 22:56:31"
"50023","Village","KANGARAME","50014",,"0","25/6/2026 22:56:31","25/6/2026 22:56:31"
"50024","Village","KAGYEMU","50014",,"0","25/6/2026 22:56:31","25/6/2026 22:56:31"
"50025","Village","ORUTEZO","50014",,"0","25/6/2026 22:56:31","25/6/2026 22:56:31"
"50026","Village","RWANYAMUSHAAKA","50014",,"0","25/6/2026 22:56:31","25/6/2026 22:56:31"
"50027","Village","KYAKASHAMBARA","50014",,"0","25/6/2026 22:56:31","25/6/2026 22:56:31"
"50028","Village","MIYENJE","50014",,"0","25/6/2026 22:56:31","25/6/2026 22:56:31"
"50029","Village","KYANYAMUGAMBA","50014",,"0","25/6/2026 22:56:31","25/6/2026 22:56:31"
"50030","Village","OMUKIKOONA","50014",,"0","25/6/2026 22:56:31","25/6/2026 22:56:31"
"50031","Village","KYARUTEGA","50007",,"0","25/6/2026 22:57:12","25/6/2026 22:57:12"
"50032","Village","MUSHASHA","50007",,"0","25/6/2026 22:57:12","25/6/2026 22:57:12"
"50033","Village","NYAKABUNGO","50007",,"0","25/6/2026 22:57:12","25/6/2026 22:57:12"
"50034","Village","NYAKISHOJWA","50007",,"0","25/6/2026 22:57:12","25/6/2026 22:57:12"
"50035","Village","OMUGYERA","50007",,"0","25/6/2026 22:57:12","25/6/2026 22:57:12"
"50036","Village","ORUSHENYI","50007",,"0","25/6/2026 22:57:12","25/6/2026 22:57:12"
"50037","Village","RUBINGO","50007",,"0","25/6/2026 22:57:12","25/6/2026 22:57:12"
"50038","Village","RWENCWERA","50007",,"0","25/6/2026 22:57:12","25/6/2026 22:57:12"
"50039","Village","KAGONGI","50017",,"0","25/6/2026 23:00:12","25/6/2026 23:00:12"
"50040","Village","KATAHOOKA","50017",,"0","25/6/2026 23:00:12","25/6/2026 23:00:12"
"50041","Village","KATWE","50017",,"0","25/6/2026 23:00:12","25/6/2026 23:00:12"
"50042","Village","KAYENJE","50017",,"0","25/6/2026 23:00:12","25/6/2026 23:00:12"
"50043","Village","KIBARE","50017",,"0","25/6/2026 23:00:12","25/6/2026 23:00:12"
"50044","Village","RURAMA","50017",,"0","25/6/2026 23:00:12","25/6/2026 23:00:12"
"50045","Village","RUTOOMA","50017",,"0","25/6/2026 23:00:12","25/6/2026 23:00:12"
"50046","Village","RWABARATA","50017",,"0","25/6/2026 23:00:12","25/6/2026 23:00:12"
"50047","Village","RWENDAHI","50017",,"0","25/6/2026 23:00:12","25/6/2026 23:00:12"
"50048","Village","AKATOOMA I","50012",,"0","25/6/2026 23:00:50","25/6/2026 23:00:50"
"50049","Village","AKATOOMA II","50012",,"0","25/6/2026 23:00:50","25/6/2026 23:00:50"
"50050","Village","NYAMUNUKA I","50012",,"0","25/6/2026 23:00:50","25/6/2026 23:00:50"
"50051","Village","NYAMUNUKA II","50012",,"0","25/6/2026 23:00:50","25/6/2026 23:00:50"
"50052","Village","AKASHANSHA","50012",,"0","25/6/2026 23:00:50","25/6/2026 23:00:50"
"50053","Village","RWEBIKONKO I","50013",,"0","25/6/2026 23:01:12","25/6/2026 23:01:12"
"50054","Village","RWEBIKONKO II","50013",,"0","25/6/2026 23:01:12","25/6/2026 23:01:12"
"50055","Village","KISHAMI I","50013",,"0","25/6/2026 23:01:12","25/6/2026 23:01:12"
"50056","Village","KISHAMI II","50013",,"0","25/6/2026 23:01:12","25/6/2026 23:01:12"
"50057","Village","KEMIGYEYO","50015",,"0","25/6/2026 23:01:33","25/6/2026 23:01:33"
"50058","Village","KAGARAMA","50015",,"0","25/6/2026 23:01:33","25/6/2026 23:01:33"
"50059","Village","KYABAKONJO I","50015",,"0","25/6/2026 23:01:33","25/6/2026 23:01:33"
"50060","Village","KYABAKONJO II","50015",,"0","25/6/2026 23:01:33","25/6/2026 23:01:33"
"50061","Village","KASHANDA I","50015",,"0","25/6/2026 23:01:33","25/6/2026 23:01:33"
"50062","Village","KASHANDA II","50015",,"0","25/6/2026 23:01:33","25/6/2026 23:01:33"
"50063","Village","MITOOMA","50015",,"0","25/6/2026 23:01:33","25/6/2026 23:01:33"
"50064","Village","MITOOMA I","50015",,"0","25/6/2026 23:01:33","25/6/2026 23:01:33"
"50065","Village","KINONI","50015",,"0","25/6/2026 23:01:33","25/6/2026 23:01:33"
"50066","Village","RWEIBUMBA I","50015",,"0","25/6/2026 23:01:33","25/6/2026 23:01:33"
"50067","Village","RWEIBUMBA II","50015",,"0","25/6/2026 23:01:33","25/6/2026 23:01:33"
"50068","Village","ISHANJE","50016",,"0","25/6/2026 23:01:56","25/6/2026 23:01:56"
"50069","Village","KABIRIZI","50016",,"0","25/6/2026 23:01:56","25/6/2026 23:01:56"
"50070","Village","KANYEGANYEGYE","50016",,"0","25/6/2026 23:01:56","25/6/2026 23:01:56"
"50071","Village","KIGARAMA","50016",,"0","25/6/2026 23:01:56","25/6/2026 23:01:56"
"50072","Village","KYEMPITSI","50016",,"0","25/6/2026 23:01:56","25/6/2026 23:01:56"
"50073","Village","MURAMBI","50016",,"0","25/6/2026 23:01:56","25/6/2026 23:01:56"
"50074","Village","KIJOJO","50008",,"0","25/6/2026 23:02:15","25/6/2026 23:02:15"
"50075","Village","NYAKABUNGO","50008",,"0","25/6/2026 23:02:15","25/6/2026 23:02:15"
"50076","Village","NYAKAGANDO","50008",,"0","25/6/2026 23:02:15","25/6/2026 23:02:15"
"50077","Village","NYAMABAARE","50008",,"0","25/6/2026 23:02:15","25/6/2026 23:02:15"
"50078","Village","NYARUHANGA","50008",,"0","25/6/2026 23:02:15","25/6/2026 23:02:15"
"50079","Village","RUHAAMA TC","50008",,"0","25/6/2026 23:02:15","25/6/2026 23:02:15"
"50080","Village","RUSHARIRA","50008",,"0","25/6/2026 23:02:15","25/6/2026 23:02:15"
"50081","Village","RWAMABERE","50008",,"0","25/6/2026 23:02:15","25/6/2026 23:02:15"
"50082","Village","RWAMITOOMA","50008",,"0","25/6/2026 23:02:15","25/6/2026 23:02:15"
"50083","Village","RWEMIZI","50008",,"0","25/6/2026 23:02:15","25/6/2026 23:02:15"
"50084","Village","WECHANGO","50008",,"0","25/6/2026 23:02:15","25/6/2026 23:02:15"
"50085","Village","BAGOOGA","50010",,"0","25/6/2026 23:02:40","25/6/2026 23:02:40"
"50086","Village","KACUCU","50010",,"0","25/6/2026 23:02:40","25/6/2026 23:02:40"
"50087","Village","KASHARIRA","50010",,"0","25/6/2026 23:02:40","25/6/2026 23:02:40"
"50088","Village","KEMIRINGA","50010",,"0","25/6/2026 23:02:40","25/6/2026 23:02:40"
"50089","Village","KIKONGORO","50010",,"0","25/6/2026 23:02:40","25/6/2026 23:02:40"
"50090","Village","MWERASANDU","50010",,"0","25/6/2026 23:02:40","25/6/2026 23:02:40"
"50091","Village","RWEMIKOMA","50010",,"0","25/6/2026 23:02:40","25/6/2026 23:02:40"
"50092","Village","RWENSHAMA","50010",,"0","25/6/2026 23:02:40","25/6/2026 23:02:40"
"50093","Village","RWEMIRIRO I","50011",,"0","25/6/2026 23:03:08","25/6/2026 23:03:08"
"50094","Village","RWEMIRIRO II","50011",,"0","25/6/2026 23:03:08","25/6/2026 23:03:08"
"50095","Village","RWEMIRIRO CENTRAL","50011",,"0","25/6/2026 23:03:08","25/6/2026 23:03:08"
"50096","Village","KASHENSHERO","50011",,"0","25/6/2026 23:03:08","25/6/2026 23:03:08"
"50097","Village","KYENJOJO","50011",,"0","25/6/2026 23:03:08","25/6/2026 23:03:08"
"50098","Village","NYAKAKONGI","50011",,"0","25/6/2026 23:03:08","25/6/2026 23:03:08"
"50099","Village","KAMAKAMBA","50011",,"0","25/6/2026 23:03:08","25/6/2026 23:03:08"
"50100","Village","RWENKUBA","50011",,"0","25/6/2026 23:03:08","25/6/2026 23:03:08"
"50101","Village","BUGARAMA","50009",,"0","25/6/2026 23:03:28","25/6/2026 23:03:28"
"50102","Village","KABIGA","50009",,"0","25/6/2026 23:03:28","25/6/2026 23:03:28"
"50103","Village","KAHUNGYE","50009",,"0","25/6/2026 23:03:28","25/6/2026 23:03:28"
"50104","Village","KYARUBAARE","50009",,"0","25/6/2026 23:03:28","25/6/2026 23:03:28"
"50105","Village","MUTOJO","50009",,"0","25/6/2026 23:03:28","25/6/2026 23:03:28"
"50106","Village","NYAKAHITA","50009",,"0","25/6/2026 23:03:28","25/6/2026 23:03:28"
"50107","Village","NYAKINOMBE","50009",,"0","25/6/2026 23:03:28","25/6/2026 23:03:28"
"50108","Village","RURAMA","50009",,"0","25/6/2026 23:03:28","25/6/2026 23:03:28"
